slide,rid,y
99861,1,0.4
99861,2,0.4
99861,3,0.15
99861,4,0.1
99861,5,0.07
99861,6,0.05
99861,7,0.08
99861,8,0.15
99861,9,0.15
99861,10,0.2
99861,11,0.15
99861,12,0.2
99861,13,0.03
99861,14,0.03
99861,15,0.1
99861,16,0.25
99861,17,0.2
99861,18,0.08
99861,19,0.15
99861,20,0.25
99861,21,0.03
99861,22,0.05
99861,23,0
99861,24,0
99861,25,0
99861,26,0
99861,27,0
99861,28,0
99861,29,0
99861,30,0
99861,31,0
99861,32,0
99861,33,0
99860,1,0.75
99860,2,0.1
99860,3,0.1
99860,4,0.05
99860,5,0.05
99860,6,0.05
99860,7,0.07
99860,8,0.1
99860,9,0.1
99860,10,0.05
99860,11,0.15
99860,12,0.02
99860,13,0.05
99860,14,0.1
99860,15,0.05
99860,16,0.15
99860,17,0.2
99860,18,0
99860,19,0
99860,20,0
99860,21,0
99860,22,0
99860,23,0
99860,24,0
99860,25,0
99860,26,0
99860,27,0
99860,28,0
99860,29,0
99860,30,0
99860,31,0
99860,32,0
99860,33,0
99859,1,0.15
99859,2,0.1
99859,3,0.1
99859,4,0.15
99859,5,0.2
99859,6,0.15
99859,7,0.25
99859,8,0.15
99859,9,0.1
99859,10,0.07
99859,11,0.05
99859,12,0.05
99859,13,0.03
99859,14,0.15
99859,15,0.1
99859,16,0.1
99859,17,0.1
99859,18,0.2
99859,19,0.1
99859,20,0
99859,21,0
99859,22,0
99859,23,0
99859,24,0
99859,25,0
99859,26,0
99859,27,0
99859,28,0
99859,29,0
99859,30,0
99859,31,0
99858,1,0.7
99858,2,0.6
99858,3,0.5
99858,4,0.5
99858,5,0.5
99858,6,0.5
99858,7,0.4
99858,8,0.5
99858,9,0.4
99858,10,0.4
99858,11,0.2
99858,12,0.75
99858,13,0.4
99858,14,0.35
99858,15,0.05
99858,16,0.1
99858,17,0.45
99858,18,0.2
99858,19,0.25
99858,20,0.4
99858,21,0.5
99858,22,0.25
99858,23,0.25
99858,24,0.1
99858,25,0.25
99858,26,0
99858,27,0
99858,28,0
99858,29,0
99858,30,0
99858,31,0
99858,32,0
99857,1,0.7
99857,2,0.6
99857,3,0.5
99857,4,0.5
99857,5,0.4
99857,6,0.4
99857,7,0.4
99857,8,0.4
99857,9,0.2
99857,10,0.4
99857,11,0.15
99857,12,0.25
99857,13,0.15
99857,14,0.5
99857,15,0.25
99857,16,0.25
99857,17,0.3
99857,18,0.1
99857,19,0.05
99857,20,0.1
99857,21,0.1
99857,22,0.2
99857,23,0.05
99857,24,0.25
99856,1,0.8
99856,2,0.7
99856,3,0.7
99856,4,0.4
99856,5,0.2
99856,6,0.25
99856,7,0.1
99856,8,0.15
99856,9,0.1
99856,10,0.25
99856,11,0.05
99856,12,0.05
99856,13,0.05
99856,14,0.05
99856,15,0.05
99856,16,0.1
99856,17,0.05
99856,18,0.05
99856,19,0.05
99856,20,0.05
99856,21,0.05
99856,22,0.05
99856,23,0.05
99853,1,0.9
99853,2,0.7
99853,3,0.45
99853,4,0.4
99853,5,0.4
99853,6,0.4
99853,7,0.9
99853,8,0.4
99853,9,0.5
99853,10,0.35
99853,11,0.02
99853,12,0.65
99853,13,0.35
99853,14,0.25
99853,15,0.3
99853,16,0.35
99853,17,0.7
99853,18,0.9
99853,19,0.5
99853,20,0.3
99853,21,0.4
99853,22,0.4
99853,23,0.1
99853,24,0.2
99853,25,0.25
99853,26,0.3
99853,27,0.3
99853,28,0.1
99853,29,0.4
99853,30,0.4
99853,31,0.3
99853,32,0.1
99852,1,1
99852,2,1
99852,3,0.98
99852,4,0.98
99852,5,1
99852,6,1
99852,7,0.98
99852,8,0.97
99852,9,0.93
99852,10,0.99
99852,11,1
99852,12,0.95
99852,13,0.6
99852,14,0.6
99852,15,0.65
99852,16,0.2
99852,17,0.2
99852,18,0.4
99852,19,0.6
99852,20,0.6
99852,21,0.4
99852,22,0.6
99852,23,0.65
99852,24,0.1
99852,25,0.2
99852,26,0.1
99852,27,0.2
99852,28,0.25
99852,29,0.4
99852,30,0.4
99852,31,0.3
99852,32,0.35
99852,33,0.5
99852,34,0.15
99852,35,0.01
99852,36,0.35
99852,37,0
99852,38,0
99852,39,0
99852,40,0
99852,41,0
99852,42,0
99851,1,1
99851,2,0.85
99851,3,0.8
99851,4,0.98
99851,5,0.8
99851,6,0.8
99851,7,0.75
99851,8,0.8
99851,9,0.6
99851,10,0.7
99851,11,0.4
99851,12,0.5
99851,13,0.05
99851,14,0.05
99851,15,0.4
99851,16,0.5
99851,17,0.6
99851,18,0.8
99851,19,0.5
99851,20,0.7
99851,21,0.6
99851,22,0.45
99851,23,0.5
99851,24,0.3
99851,25,0.7
99851,26,0.35
99851,27,0.4
99851,28,0.3
99851,29,0.4
99851,30,0.3
99851,31,0.05
99851,32,0.3
99851,33,0.15
99851,34,0.4
99851,35,0.07
99851,36,0.1
99851,37,0.65
99851,38,0
99851,39,0
99851,40,0
99851,41,0
99851,42,0
99851,43,0
99850,1,0.6
99850,2,0.7
99850,3,0.6
99850,4,0.5
99850,5,0.4
99850,6,0.4
99850,7,0.35
99850,8,0.1
99850,9,0.1
99850,10,0.1
99850,11,0.1
99850,12,0.15
99850,13,0.1
99850,14,0.05
99850,15,0.15
99850,16,0.1
99850,17,0.05
99850,18,0.03
99850,19,0.02
99850,20,0.05
99850,21,0
99850,22,0
99850,23,0
99849,1,0.4
99849,2,0.4
99849,3,0.4
99849,4,0.7
99849,5,0.5
99849,6,0.45
99849,7,0.25
99849,8,0.4
99849,9,0.5
99849,10,0.25
99849,11,0.5
99849,12,0.2
99849,13,0.4
99849,14,0.25
99849,15,0.3
99849,16,0.25
99849,17,0.15
99849,18,0.2
99849,19,0.3
99849,20,0.25
99849,21,0.2
99849,22,0.25
99849,23,0.2
99849,24,0
99849,25,0
99849,26,0
99849,27,0
99849,28,0
99848,1,0.5
99848,2,0.55
99848,3,0.5
99848,4,0.6
99848,5,0.4
99848,6,0.25
99848,7,0.3
99848,8,0.35
99848,9,0.4
99848,10,0.4
99848,11,0.4
99848,12,0.4
99848,13,0.2
99848,14,0.2
99848,15,0.4
99848,16,0.4
99848,17,0.3
99848,18,0.4
99848,19,0.25
99848,20,0.1
99848,21,0.35
99848,22,0.1
99848,23,0.3
99848,24,0.2
99848,25,0.25
99848,26,0.3
99848,27,0
99848,28,0
99848,29,0
99848,30,0
99848,31,0
99848,32,0
99848,33,0
99848,34,0
99848,35,0
99848,36,0
99848,37,0
99848,38,0
99847,1,0.99
99847,2,0.98
99847,3,0.99
99847,4,0.95
99847,5,0.98
99847,6,0.95
99847,7,0.95
99847,8,0.9
99847,9,0.9
99847,10,0.9
99847,11,0.8
99847,12,0.8
99847,13,0.65
99847,14,0.65
99847,15,0.5
99847,16,0.5
99847,17,0.4
99847,18,0.4
99847,19,0.4
99847,20,0.3
99847,21,0.4
99847,22,0.4
99847,23,0.45
99847,24,0.2
99847,25,0.15
99847,26,0.25
99847,27,0.05
99847,28,0.15
99847,29,0.15
99847,30,0.1
99847,31,0.1
99847,32,0.05
99847,33,0.07
99846,1,1
99846,2,1
99846,3,0.99
99846,4,1
99846,5,0.99
99846,6,0.95
99846,7,0.95
99846,8,1
99846,9,0.95
99846,10,0.95
99846,11,0.9
99846,12,0.9
99846,13,0.9
99846,14,0.75
99846,15,0.7
99846,16,0.4
99846,17,0.4
99846,18,0.4
99846,19,0.5
99846,20,0.6
99846,21,0.5
99846,22,0.5
99846,23,0.5
99846,24,0.6
99846,25,0.6
99846,26,0.2
99846,27,0.25
99846,28,0.15
99846,29,0.1
99846,30,0.1
99846,31,0.2
99846,32,0.1
99846,33,0.1
99846,34,0.05
99846,35,0.15
99846,36,0.1
99845,1,1
99845,2,1
99845,3,0.95
99845,4,0.95
99845,5,0.98
99845,6,0.95
99845,7,0.95
99845,8,0.95
99845,9,0.9
99845,10,0.95
99845,11,0.65
99845,12,0.6
99845,13,0.65
99845,14,0.6
99845,15,0.5
99845,16,0.6
99845,17,0.5
99845,18,0.6
99845,19,0.5
99845,20,0.5
99845,21,0.2
99845,22,0.1
99845,23,0.15
99845,24,0.1
99845,25,0.15
99845,26,0.15
99845,27,0.1
99845,28,0.1
99845,29,0.15
99845,30,0.1
99844,1,1
99844,2,0.99
99844,3,0.97
99844,4,0.97
99844,5,1
99844,6,0.98
99844,7,0.75
99844,8,0.99
99844,9,1
99844,10,0.97
99844,11,0.95
99844,12,0.8
99844,13,0.7
99844,14,0.75
99844,15,0.9
99844,16,0.4
99844,17,0.4
99844,18,0.6
99844,19,0.6
99844,20,0.65
99844,21,0.6
99844,22,0.5
99844,23,0.45
99844,24,0.1
99844,25,0.4
99844,26,0.4
99844,27,0.2
99844,28,0.4
99844,29,0.2
99844,30,0.25
99844,31,0.6
99844,32,0.6
99844,33,0.35
99844,34,0.07
99844,35,0.05
99844,36,0.05
99844,37,0.1
99844,38,0.3
99844,39,0.35
99844,40,0.35
99844,41,0.15
99844,42,0.35
99844,43,0.1
99844,44,0.1
99844,45,0.25
99844,46,0
99844,47,0
99844,48,0
99844,49,0
99844,50,0
99844,51,0
99844,52,0
99844,53,0
99844,54,0
99844,55,0
99844,56,0
99844,57,0
99844,58,0
99844,59,0
99844,60,0
99844,61,0
99843,1,0.9
99843,2,0.98
99843,3,0.85
99843,4,1
99843,5,1
99843,6,0.95
99843,7,0.75
99843,8,1
99843,9,0.95
99843,10,0.7
99843,11,0.5
99843,12,0.4
99843,13,0.4
99843,14,0.3
99843,15,0.8
99843,16,0.5
99843,17,0.2
99843,18,0.1
99843,19,0.15
99843,20,0.35
99843,21,0.55
99843,22,0.45
99843,23,0.45
99843,24,0.15
99843,25,0.3
99843,26,0.1
99843,27,0.4
99843,28,0.5
99843,29,0.5
99843,30,0.45
99843,31,0.3
99843,32,0.5
99843,33,0.55
99843,34,0.25
99843,35,0.05
99843,36,0.35
99843,37,0.25
99843,38,0.3
99843,39,0.1
99843,40,0.1
99843,41,0.07
99843,42,0.25
99843,43,0.25
99843,44,0
99843,45,0
99843,46,0
99843,47,0
99843,48,0
99843,49,0
99843,50,0
99843,51,0
99843,52,0
99843,53,0
99843,54,0
99843,55,0
99843,56,0
99843,57,0
99843,58,0
99843,59,0
99843,60,0
99843,61,0
99842,1,0.8
99842,2,0.75
99842,3,0.75
99842,4,0.85
99842,5,0.8
99842,6,0.8
99842,7,0.7
99842,8,0.7
99842,9,0.75
99842,10,0.65
99842,11,0.7
99842,12,0.6
99842,13,0.4
99842,14,0.7
99842,15,0.5
99842,16,0.5
99842,17,0.4
99842,18,0.35
99842,19,0.3
99842,20,0.4
99842,21,0.5
99842,22,0.4
99842,23,0.5
99842,24,0.35
99842,25,0.35
99842,26,0.4
99842,27,0.35
99842,28,0.2
99842,29,0.25
99842,30,0.35
99842,31,0.25
99842,32,0.3
99842,33,0.25
99842,34,0.2
99842,35,0.4
99842,36,0.4
99842,37,0.2
99842,38,0.25
99842,39,0.15
99842,40,0.2
99842,41,0.2
99842,42,0.05
99842,43,0
99842,44,0
99842,45,0
99842,46,0
99842,47,0
99842,48,0
99842,49,0
99842,50,0
99842,51,0
99842,52,0
99842,53,0
99842,54,0
99842,55,0
99842,56,0
99842,57,0
99842,58,0
99842,59,0
99842,60,0
99842,61,0
99842,62,0
99842,63,0
99842,64,0
99842,65,0
99842,66,0
99842,67,0
99842,68,0
99842,69,0
99842,70,0
99842,71,0
99842,72,0
99841,1,0.7
99841,2,0.8
99841,3,0.8
99841,4,0.95
99841,5,0.85
99841,6,0.95
99841,7,0.7
99841,8,0.65
99841,9,0.6
99841,10,0.5
99841,11,0.6
99841,12,0.5
99841,13,0.75
99841,14,0.7
99841,15,0.7
99841,16,0.55
99841,17,0.65
99841,18,0.7
99841,19,0.75
99841,20,0.85
99841,21,0.9
99841,22,0.55
99841,23,0.6
99841,24,0.6
99841,25,0.5
99841,26,0.7
99841,27,0.5
99841,28,0.5
99841,29,0.5
99841,30,0.5
99841,31,0.65
99841,32,0.4
99841,33,0.35
99841,34,0.05
99841,35,0.15
99841,36,0.15
99841,37,0.3
99841,38,0.6
99841,39,0.25
99841,40,0.25
99841,41,0.25
99841,42,0.25
99841,43,0.15
99841,44,0.2
99841,45,0.3
99841,46,0.35
99841,47,0.35
99841,48,0
99841,49,0
99841,50,0
99841,51,0
99841,52,0
99841,53,0
99841,54,0
99841,55,0
99841,56,0
99841,57,0
99841,58,0
99841,59,0
99841,60,0
99841,61,0
99841,62,0
99841,63,0
99841,64,0
99841,65,0
99841,66,0
99841,67,0
99841,68,0
99841,69,0
99841,70,0
99841,71,0
99840,1,0.6
99840,2,0.5
99840,3,0.6
99840,4,0.5
99840,5,0.5
99840,6,0.4
99840,7,0.4
99840,8,0.5
99840,9,0.25
99840,10,0.15
99840,11,0.05
99840,12,0.1
99840,13,0.1
99840,14,0.2
99840,15,0.4
99840,16,0.3
99840,17,0.8
99840,18,0.4
99840,19,0.25
99840,20,0.25
99840,21,0.1
99840,22,0.4
99840,23,0.15
99840,24,0.15
99840,25,0
99840,26,0
99840,27,0
99840,28,0
99840,29,0
99840,30,0
99840,31,0
99840,32,0
99840,33,0
99840,34,0
99840,35,0
99840,36,0
99840,37,0
99840,38,0
99840,39,0
99840,40,0
99840,41,0
99840,42,0
99840,43,0
99840,44,0
99839,1,0.4
99839,2,0.4
99839,3,0.6
99839,4,0.4
99839,5,0.6
99839,6,0.7
99839,7,0.4
99839,8,0.7
99839,9,0.7
99839,10,0.6
99839,11,0.5
99839,12,0.4
99839,13,0.5
99839,14,0.4
99839,15,0.4
99839,16,0.4
99839,17,0.4
99839,18,0.3
99839,19,0.3
99839,20,0.35
99839,21,0.4
99839,22,0.25
99839,23,0.2
99839,24,0.15
99839,25,0.2
99839,26,0.15
99839,27,0.2
99839,28,0.1
99839,29,0.1
99839,30,0
99839,31,0
99839,32,0
99836,1,0.4
99836,2,0.3
99836,3,0.3
99836,4,0.25
99836,5,0.2
99836,6,0.2
99836,7,0.15
99836,8,0.15
99836,9,0.1
99836,10,0.05
99836,11,0.1
99836,12,0.05
99836,13,0.1
99836,14,0.1
99836,15,0.15
99836,16,0.1
99836,17,0.05
99836,18,0
99836,19,0
99836,20,0
99836,21,0
99836,22,0
99836,23,0
99836,24,0
99836,25,0
99835,1,0.2
99835,2,0.1
99835,3,0.1
99835,4,0.05
99835,5,0.15
99835,6,0.15
99835,7,0.1
99835,8,0.25
99835,9,0.2
99835,10,0.15
99835,11,0.1
99835,12,0.03
99835,13,0.05
99835,14,0.02
99835,15,0.05
99835,16,0.1
99835,17,0.1
99835,18,0
99835,19,0
99835,20,0
99835,21,0
99835,22,0
99835,23,0
99835,24,0
99835,25,0
99834,1,0.9
99834,2,0.9
99834,3,0.7
99834,4,0.99
99834,5,0.9
99834,6,0.8
99834,7,0.7
99834,8,0.99
99834,9,0.8
99834,10,0.8
99834,11,0.5
99834,12,0.5
99834,13,0.5
99834,14,0.6
99834,15,0.5
99834,16,0.6
99834,17,0.5
99834,18,0.4
99834,19,0.6
99834,20,0.5
99834,21,0.4
99834,22,0.6
99834,23,0.2
99834,24,0.2
99834,25,0.15
99834,26,0.15
99834,27,0.2
99834,28,0.07
99834,29,0.2
99834,30,0.15
99834,31,0.2
99834,32,0.2
99834,33,0
99834,34,0
99834,35,0
99834,36,0
99834,37,0
99834,38,0
99834,39,0
99834,40,0
99834,41,0
99834,42,0
99834,43,0
99827,1,0.8
99827,2,0.9
99827,3,0.95
99827,4,0.9
99827,5,0.9
99827,6,0.9
99827,7,0.7
99827,8,0.75
99827,9,0.7
99827,10,0.95
99827,11,0.5
99827,12,0.5
99827,13,0.5
99827,14,0.4
99827,15,0.5
99827,16,0.4
99827,17,0.5
99827,18,0.6
99827,19,0.5
99827,20,0.6
99827,21,0.15
99827,22,0.1
99827,23,0.2
99827,24,0.1
99827,25,0.25
99827,26,0.15
99827,27,0.15
99827,28,0.15
99827,29,0.3
99827,30,0.25
99827,31,0
99827,32,0
99827,33,0
99827,34,0
99826,1,0.1
99826,2,0.05
99826,3,0.05
99826,4,0.03
99826,5,0.05
99826,6,0.05
99826,7,0.05
99826,8,0.1
99826,9,0.1
99826,10,0.05
99826,11,0.05
99826,12,0.05
99826,13,0.03
99826,14,0.5
99826,15,0.5
99826,16,0.5
99826,17,0.4
99826,18,0.4
99826,19,0.3
99826,20,0.5
99826,21,0.4
99826,22,0
99826,23,0
99826,24,0
99826,25,0
99826,26,0
99826,27,0
99826,28,0
99826,29,0
99826,30,0
99826,31,0
99826,32,0
99826,33,0
99826,34,0
99826,35,0
99826,36,0
99826,37,0
99826,38,0
99826,39,0
99826,40,0
99826,41,0
99826,42,0
99826,43,0
99826,44,0
99826,45,0
99826,46,0
99826,47,0
99826,48,0
99826,49,0
99826,50,0
99826,51,0
99826,52,0
99826,53,0
99826,54,0
99826,55,0
99825,1,0.7
99825,2,0.5
99825,3,0.15
99825,4,0.4
99825,5,0.05
99825,6,0.1
99825,7,0.1
99825,8,0.1
99825,9,0.03
99825,10,0.03
99825,11,0.05
99825,12,0.1
99825,13,0.1
99825,14,0.15
99825,15,0.05
99825,16,0.01
99825,17,0.15
99825,18,0.1
99825,19,0.1
99825,20,0.1
99825,21,0.03
99825,22,0.1
99825,23,0.03
99825,24,0.02
99825,25,0
99825,26,0
99825,27,0
99825,28,0
99825,29,0
99825,30,0
99825,31,0
99825,32,0
99825,33,0
99825,34,0
99825,35,0
99825,36,0
99825,37,0
99825,38,0
99825,39,0
99825,40,0
99825,41,0
99825,42,0
99825,43,0
99825,44,0
99825,45,0
99825,46,0
99825,47,0
99825,48,0
99825,49,0
99825,50,0
99825,51,0
99825,52,0
99825,53,0
99825,54,0
99825,55,0
99825,56,0
99825,57,0
99825,58,0
99825,59,0
99825,60,0
99825,61,0
99825,62,0
99825,63,0
99825,64,0
99825,65,0
99825,66,0
99825,67,0
99825,68,0
99825,69,0
99825,70,0
99825,71,0
99825,72,0
99824,1,0.75
99824,2,0.8
99824,3,0.7
99824,4,0.7
99824,5,0.8
99824,6,0.7
99824,7,0.85
99824,8,0.8
99824,9,0.85
99824,10,0.8
99824,11,0.7
99824,12,0.4
99824,13,0.5
99824,14,0.5
99824,15,0.5
99824,16,0.65
99824,17,0.5
99824,18,0.7
99824,19,0.55
99824,20,0.6
99824,21,0.65
99824,22,0.5
99824,23,0.25
99824,24,0.25
99824,25,0.2
99824,26,0.1
99824,27,0.1
99824,28,0.15
99824,29,0.25
99824,30,0.25
99824,31,0.3
99824,32,0.3
99824,33,0.35
99823,1,0.9
99823,2,0.85
99823,3,0.85
99823,4,0.9
99823,5,0.8
99823,6,0.75
99823,7,0.8
99823,8,0.75
99823,9,0.8
99823,10,0.95
99823,11,0.4
99823,12,0.75
99823,13,0.4
99823,14,0.4
99823,15,0.55
99823,16,0.6
99823,17,0.4
99823,18,0.5
99823,19,0.65
99823,20,0.4
99823,21,0.25
99823,22,0.6
99823,23,0.4
99823,24,0.3
99823,25,0.5
99823,26,0.2
99823,27,0.2
99823,28,0.6
99823,29,0.15
99823,30,0.3
99823,31,0.25
99823,32,0.35
99823,33,0.15
99823,34,0.2
99823,35,0.2
99823,36,0.25
99823,37,0.6
99823,38,0
99823,39,0
99823,40,0
99823,41,0
99823,42,0
99823,43,0
99823,44,0
99822,1,0.7
99822,2,0.8
99822,3,0.8
99822,4,0.9
99822,5,0.8
99822,6,0.8
99822,7,0.7
99822,8,0.5
99822,9,0.5
99822,10,0.65
99822,11,0.5
99822,12,0.4
99822,13,0.6
99822,14,0.65
99822,15,0.7
99822,16,0.7
99822,17,0.8
99822,18,0.55
99822,19,0.6
99822,20,0.6
99822,21,0.2
99822,22,0.2
99822,23,0.15
99822,24,0.1
99822,25,0.25
99822,26,0.15
99822,27,0.1
99822,28,0.07
99822,29,0.3
99822,30,0.3
99822,31,0.25
99822,32,0
99822,33,0
99822,34,0
99822,35,0
99822,36,0
99822,37,0
99822,38,0
99822,39,0
99822,40,0
99822,41,0
99822,42,0
99822,43,0
99822,44,0
99822,45,0
99821,1,1
99821,2,0.98
99821,3,1
99821,4,0.95
99821,5,0.98
99821,6,0.85
99821,7,0.6
99821,8,0.75
99821,9,0.75
99821,10,0.97
99821,11,0.4
99821,12,0.75
99821,13,0.95
99821,14,0.4
99821,15,0.25
99821,16,0.25
99821,17,0.1
99821,18,0.1
99821,19,0.45
99821,20,0.8
99821,21,0.4
99821,22,0.6
99821,23,0.4
99821,24,0.3
99821,25,0.15
99821,26,0.2
99821,27,0.35
99821,28,0.75
99821,29,0.3
99821,30,0.05
99821,31,0.25
99821,32,0.15
99821,33,0
99821,34,0
99821,35,0
99821,36,0
99821,37,0
99821,38,0
99821,39,0
99821,40,0
99821,41,0
99821,42,0
99821,43,0
99821,44,0
99821,45,0
99821,46,0
99821,47,0
99821,48,0
99821,49,0
99821,50,0
99821,51,0
99821,52,0
99820,1,1
99820,2,1
99820,3,0.98
99820,4,0.98
99820,5,0.75
99820,6,0.65
99820,7,0.7
99820,8,0.5
99820,9,0.2
99820,10,0.25
99820,11,0
99820,12,0
99820,13,0
99820,14,0
99820,15,0
99820,16,0
99820,17,0
99820,18,0
99820,19,0
99820,20,0
99820,21,0
99820,22,0
99820,23,0
99820,24,0
99820,25,0
99820,26,0
99820,27,0
99820,28,0
99820,29,0
99820,30,0
99820,31,0
99820,32,0
99820,33,0
99819,1,1
99819,2,1
99819,3,1
99819,4,1
99819,5,0.98
99819,6,1
99819,7,0.97
99819,8,1
99819,9,0.98
99819,10,0.95
99819,11,0.95
99819,12,0.7
99819,13,0.5
99819,14,0.4
99819,15,0.6
99819,16,0.85
99819,17,0.65
99819,18,0.4
99819,19,0.4
99819,20,0.3
99819,21,0.5
99819,22,0.5
99819,23,0.6
99819,24,0.6
99819,25,0.4
99819,26,0.4
99819,27,0.2
99819,28,0.15
99819,29,0.4
99819,30,0.25
99819,31,0.3
99819,32,0.55
99819,33,0.1
99819,34,0.15
99819,35,0.15
99819,36,0.35
99819,37,0.3
99819,38,0
99819,39,0
99819,40,0
99819,41,0
99819,42,0
99819,43,0
99819,44,0
99819,45,0
99819,46,0
99819,47,0
99819,48,0
99819,49,0
99819,50,0
99819,51,0
99819,52,0
99819,53,0
99819,54,0
99819,55,0
99818,1,0.2
99818,2,0.25
99818,3,0.2
99818,4,0.2
99818,5,0.15
99818,6,0.2
99818,7,0.4
99818,8,0.2
99818,9,0.6
99818,10,0.2
99818,11,0.2
99818,12,0.05
99818,13,0.01
99818,14,0.01
99818,15,0.15
99818,16,0.65
99818,17,0.4
99818,18,0.3
99818,19,0.5
99818,20,0.5
99818,21,0.5
99818,22,0
99818,23,0
99818,24,0.5
99818,25,0.3
99818,26,0.15
99818,27,0.15
99818,28,0
99818,29,0
99818,30,0.4
99818,31,0.15
99818,32,0
99818,33,0.2
99818,34,0.25
99817,1,0.4
99817,2,0.45
99817,3,0.3
99817,4,0.4
99817,5,0.2
99817,6,0.2
99817,7,0.15
99817,8,0.2
99817,9,0.1
99817,10,0.1
99817,11,0.05
99817,12,0.1
99817,13,0.1
99817,14,0.2
99817,15,0.15
99817,16,0.1
99817,17,0.1
99817,18,0.1
99817,19,0.05
99817,20,0.05
99817,21,0.07
99817,22,0.05
99817,23,0.05
99817,24,0
99817,25,0
99817,26,0
99817,27,0
99817,28,0
99817,29,0
99817,30,0
99817,31,0
99817,32,0
99817,33,0
99817,34,0
99817,35,0
99817,36,0
99817,37,0
99817,38,0
99817,39,0
99817,40,0
99817,41,0
99817,42,0
99817,43,0
99817,44,0
99817,45,0
99817,46,0
99817,47,0
99817,48,0
99817,49,0
99817,50,0
99816,1,0.15
99816,2,0.1
99816,3,0.15
99816,4,0.15
99816,5,0.2
99816,6,0.2
99816,7,0.2
99816,8,0.15
99816,9,0.1
99816,10,0.07
99816,11,0.05
99816,12,0.1
99816,13,0.05
99816,14,0.2
99816,15,0.1
99816,16,0.1
99816,17,0.1
99816,18,0.1
99816,19,0.1
99816,20,0.1
99816,21,0.1
99816,22,0.1
99816,23,0
99815,1,0.3
99815,2,0.3
99815,3,0.15
99815,4,0.1
99815,5,0.15
99815,6,0.15
99815,7,0.2
99815,8,0.1
99815,9,0.25
99815,10,0.2
99815,11,0.15
99815,12,0.1
99815,13,0.1
99815,14,0.1
99815,15,0.05
99815,16,0.05
99815,17,0.07
99815,18,0.07
99815,19,0.05
99815,20,0
99815,21,0
99815,22,0
99815,23,0
99815,24,0
99815,25,0
99815,26,0
99815,27,0
99815,28,0
99815,29,0
99815,30,0
99815,31,0
99815,32,0.05
99815,33,0
99815,34,0
99815,35,0
99815,36,0
99815,37,0
99815,38,0
99815,39,0
99815,40,0
99815,41,0
99815,42,0.1
99815,43,0.1
99815,44,0.05
99814,1,1
99814,2,1
99814,3,1
99814,4,1
99814,5,1
99814,6,0.99
99814,7,1
99814,8,0.99
99814,9,0.97
99814,10,0.95
99814,11,0.9
99814,12,1
99814,13,0.6
99814,14,0.65
99814,15,0.4
99814,16,0.5
99814,17,0.5
99814,18,0.6
99814,19,0.4
99814,20,0.5
99814,21,0.65
99814,22,0.4
99814,23,0.6
99814,24,0.45
99814,25,0.4
99814,26,0.1
99814,27,0.25
99814,28,0.4
99814,29,0.3
99814,30,0.2
99814,31,0.2
99814,32,0.4
99814,33,0.1
99814,34,0.3
99814,35,0.4
99814,36,0.35
99814,37,0.15
99814,38,0.1
99814,39,0.15
99814,40,0.2
99814,41,0.2
99814,42,0
99814,43,0
99814,44,0
99814,45,0
99813,1,1
99813,2,1
99813,3,1
99813,4,1
99813,5,1
99813,6,1
99813,7,1
99813,8,1
99813,9,1
99813,10,1
99813,11,1
99813,12,0.7
99813,13,0.9
99813,14,0.98
99813,15,0.95
99813,16,0.8
99813,17,0.85
99813,18,0.5
99813,19,0.6
99813,20,0.6
99813,21,0.55
99813,22,0.4
99813,23,0.65
99813,24,0.5
99813,25,0.2
99813,26,0.2
99813,27,0.8
99813,28,0.2
99813,29,0.5
99813,30,0.2
99813,31,0.2
99813,32,0.5
99813,33,0.65
99813,34,0.25
99813,35,0.2
99813,36,0.15
99813,37,0.15
99813,38,0.08
99813,39,0.4
99813,40,0.35
99813,41,0.2
99813,42,0.3
99813,43,0.2
99813,44,0.07
99813,45,0
99813,46,0
99812,1,0.99
99812,2,0.97
99812,3,0.99
99812,4,0.95
99812,5,0.98
99812,6,0.95
99812,7,0.95
99812,8,0.75
99812,9,0.98
99812,10,0.7
99812,11,0.8
99812,12,0.93
99812,13,0.6
99812,14,0.6
99812,15,0.5
99812,16,0.6
99812,17,0.5
99812,18,0.4
99812,19,0.6
99812,20,0.6
99812,21,0.6
99812,22,0.65
99812,23,0.85
99812,24,0.7
99812,25,0.6
99812,26,0.25
99812,27,0.2
99812,28,0.25
99812,29,0.15
99812,30,0.07
99812,31,0.1
99812,32,0.15
99812,33,0.15
99812,34,0.1
99812,35,0.1
99812,36,0.3
99812,37,0.2
99812,38,0.1
99812,39,0.1
99812,40,0
99812,41,0
99812,42,0
99812,43,0
99812,44,0
99812,45,0
99812,46,0
99812,47,0
99812,48,0
99812,49,0
99812,50,0
99812,51,0
99812,52,0
99812,53,0
99812,54,0
99812,55,0
99812,56,0
99811,1,0.4
99811,2,0.5
99811,3,0.5
99811,4,0.6
99811,5,0.6
99811,6,0.5
99811,7,0.6
99811,8,0.4
99811,9,0.7
99811,10,0.4
99811,11,0.15
99811,12,0.5
99811,13,0.15
99811,14,0.5
99811,15,0.4
99811,16,0.4
99811,17,0.15
99811,18,0.15
99811,19,0.15
99811,20,0.2
99811,21,0.2
99811,22,0.2
99811,23,0.15
99811,24,0.4
99811,25,0.1
99811,26,0.2
99811,27,0.1
99811,28,0.1
99811,29,0.3
99811,30,0
99811,31,0
99811,32,0
99811,33,0
99811,34,0
99811,35,0
99811,36,0
99811,37,0
99811,38,0
99810,1,0.1
99810,2,0.2
99810,3,0.3
99810,4,0.1
99810,5,0.1
99810,6,0.1
99810,7,0.15
99810,8,0.07
99810,9,0.1
99810,10,0.07
99810,11,0.05
99810,12,0.05
99810,13,0.05
99810,14,0.1
99809,1,0.4
99809,2,0.2
99809,3,0.25
99809,4,0.3
99809,5,0.1
99809,6,0.15
99809,7,0.1
99809,8,0.2
99809,9,0.1
99809,10,0.1
99809,11,0.1
99809,12,0.1
99809,13,0.1
99809,14,0.1
99809,15,0.15
99809,16,0.1
99809,17,0.2
99809,18,0.07
99808,1,0.5
99808,2,0.5
99808,3,0.3
99808,4,0.3
99808,5,0.2
99808,6,0.25
99808,7,0.25
99808,8,0.25
99808,9,0.15
99808,10,0.3
99808,11,0.1
99808,12,0.05
99808,13,0.15
99808,14,0.1
99808,15,0
99808,16,0
99808,17,0
99808,18,0
99808,19,0
99808,20,0
99808,21,0
99808,22,0
99808,23,0
99808,24,0
99808,25,0
99808,26,0
99808,27,0
99808,28,0
99808,29,0
99808,30,0
99808,31,0
99808,32,0
99808,33,0
99808,34,0
99808,35,0
99808,36,0
99808,37,0
99808,38,0
99808,39,0
99808,40,0
99808,41,0
99808,42,0
99808,43,0
99808,44,0
99808,45,0
99808,46,0
99808,47,0
99808,48,0
99808,49,0
99808,50,0
99808,51,0
99808,52,0
99808,53,0
99808,54,0
99808,55,0
99808,56,0
99808,57,0
99808,58,0
99808,59,0
99808,60,0
99808,61,0
99808,62,0
99808,63,0
99808,64,0
99807,1,0.6
99807,2,0.5
99807,3,0.2
99807,4,0.15
99807,5,0.2
99807,6,0.15
99807,7,0.15
99807,8,0.07
99807,9,0.07
99807,10,0.1
99807,11,0.1
99807,12,0.2
99807,13,0.05
99807,14,0.15
99807,15,0.1
99807,16,0
99807,17,0
99807,18,0
99807,19,0
99807,20,0
99807,21,0
99807,22,0
99807,23,0
99807,24,0
99807,25,0
99807,26,0
99807,27,0
99807,28,0
99807,29,0
99806,1,0.8
99806,2,0.75
99806,3,0.7
99806,4,0.6
99806,5,0.7
99806,6,0.7
99806,7,0.7
99806,8,0.5
99806,9,0.5
99806,10,0.5
99806,11,0.5
99806,12,0.4
99806,13,0.4
99806,14,0.3
99806,15,0.4
99806,16,0.2
99806,17,0.25
99806,18,0.4
99806,19,0.3
99806,20,0.3
99806,21,0.3
99806,22,0.25
99806,23,0.1
99806,24,0.2
99806,25,0.15
99806,26,0.1
99806,27,0
99806,28,0
99806,29,0
99806,30,0
99804,1,0.8
99804,2,0.7
99804,3,0.8
99804,4,0.8
99804,5,0.9
99804,6,0.95
99804,7,0.9
99804,8,0.9
99804,9,0.9
99804,10,0.8
99804,11,0.9
99804,12,0.8
99804,13,0.5
99804,14,0.4
99804,15,0.5
99804,16,0.6
99804,17,0.55
99804,18,0.6
99804,19,0.4
99804,20,0.6
99804,21,0.5
99804,22,0.7
99804,23,0.4
99804,24,0.4
99804,25,0.25
99804,26,0.1
99804,27,0.15
99804,28,0.15
99804,29,0.1
99804,30,0.1
99804,31,0.4
99804,32,0.1
99804,33,0.2
99804,34,0.25
99804,35,0.25
99804,36,0.25
99804,37,0.15
99803,1,0.95
99803,2,0.95
99803,3,0.95
99803,4,0.95
99803,5,0.8
99803,6,0.4
99803,7,0.3
99803,8,0.3
99803,9,0.5
99803,10,0.4
99803,11,0.2
99803,12,0.2
99803,13,0.2
99803,14,0.25
99803,15,0.2
99803,16,0.6
99803,17,0.6
99803,18,0.5
99803,19,0.3
99803,20,0.4
99802,1,0
99802,2,0
99802,3,0
99802,4,0
99802,5,0
99802,6,0
99802,7,0
99802,8,0
99802,9,0
99802,10,0
99802,11,0
99801,1,0.8
99801,2,0.85
99801,3,0.7
99801,4,0.6
99801,5,0.6
99801,6,0.8
99801,7,0.5
99801,8,0.6
99801,9,0.5
99801,10,0.2
99801,11,0.2
99801,12,0.25
99801,13,0.3
99801,14,0.2
99801,15,0.4
99801,16,0.4
99801,17,0.4
99801,18,0.25
99801,19,0.25
99801,20,0.25
99801,21,0
99801,22,0
99801,23,0
99801,24,0
99800,1,0.35
99800,2,0.2
99800,3,0.1
99800,4,0.1
99800,5,0.1
99800,6,0.07
99800,7,0.05
99800,8,0.05
99800,9,0
99800,10,0
99800,11,0
99800,12,0
99800,13,0
99800,14,0
99800,15,0
99800,16,0
99800,17,0
99800,18,0
99800,19,0
99800,20,0
99799,1,0.9
99799,2,0.8
99799,3,0.05
99799,4,0.4
99798,1,0.99
99798,2,0.9
99798,3,0.7
99798,4,0.75
99798,5,0.95
99798,6,0.9
99798,7,0.8
99798,8,0.7
99798,9,0.7
99798,10,0.6
99798,11,0.7
99798,12,0.7
99798,13,0.5
99798,14,0.4
99798,15,0.4
99798,16,0.6
99798,17,0.4
99798,18,0.6
99798,19,0.5
99798,20,0.5
99798,21,0.4
99798,22,0.15
99798,23,0.2
99798,24,0.1
99798,25,0.1
99798,26,0.1
99798,27,0.25
99798,28,0.15
99798,29,0.2
99798,30,0.15
99798,31,0.3
99798,32,0
99798,33,0
99798,34,0
99798,35,0
99798,36,0
99798,37,0
99797,1,0
99797,2,0
99797,3,0
99797,4,0
99797,5,0
99797,6,0
99797,7,0
99797,8,0
99797,9,0
99797,10,0
99797,11,0
99797,12,0
99797,13,0
99797,14,0
99797,15,0
99797,16,0
99797,17,0
99797,18,0
99797,19,0
99797,20,0
99797,21,0
99797,22,0
99797,23,0
99797,24,0
99797,25,0
99797,26,0
99797,27,0
99797,28,0
99797,29,0
99797,30,0
99797,31,0
99797,32,0
99797,33,0
99797,34,0
99797,35,0
99797,36,0
99797,37,0
99797,38,0
99797,39,1
99797,40,0.99
99797,41,1
99797,42,1
99797,43,0.99
99797,44,1
99797,45,1
99797,46,1
99797,47,1
99797,48,0.99
99797,49,0.6
99797,50,0.6
99797,51,0.65
99797,52,0.6
99797,53,0.5
99797,54,0.45
99797,55,0.5
99797,56,0.4
99797,57,0.4
99797,58,0.5
99797,59,0.45
99797,60,0.2
99797,61,0.15
99797,62,0.3
99797,63,0.2
99797,64,0.07
99797,65,0.3
99797,66,0.1
99797,67,0.1
99797,68,0.05
99797,69,0.15
99797,70,0.15
99797,71,0.1
99796,1,0.25
99796,2,0.25
99796,3,0.2
99796,4,0.15
99796,5,0.2
99796,6,0.2
99796,7,0.15
99796,8,0.15
99796,9,0.07
99796,10,0.25
99796,11,0.3
99796,12,0.1
99795,1,0.8
99795,2,0.9
99795,3,0.95
99795,4,0.9
99795,5,0.9
99795,6,0.9
99795,7,0.9
99795,8,0.9
99795,9,0.9
99795,10,0.75
99795,11,0.8
99795,12,0.8
99795,13,0.5
99795,14,0.75
99795,15,0.75
99795,16,0.65
99795,17,0.5
99795,18,0.65
99795,19,0.5
99795,20,0.65
99795,21,0.3
99795,22,0.65
99795,23,0.4
99795,24,0.5
99795,25,0.6
99795,26,0.5
99795,27,0.25
99795,28,0.3
99795,29,0.1
99795,30,0.15
99795,31,0.25
99795,32,0.15
99795,33,0.1
99795,34,0.3
99795,35,0.25
99794,1,0.9
99794,2,0.9
99794,3,0.8
99794,4,0.85
99794,5,0.9
99794,6,0.8
99794,7,0.9
99794,8,0.85
99794,9,0.9
99794,10,0.85
99794,11,0.6
99794,12,0.65
99794,13,0.65
99794,14,0.7
99794,15,0.7
99794,16,0.7
99794,17,0.5
99794,18,0.7
99794,19,0.6
99794,20,0.5
99794,21,0.7
99794,22,0.65
99794,23,0.4
99794,24,0.5
99794,25,0.2
99794,26,0.15
99794,27,0.15
99794,28,0.25
99794,29,0.1
99794,30,0.03
99794,31,0.1
99794,32,0.05
99794,33,0.05
99794,34,0.1
99794,35,0.1
99794,36,0
99794,37,0
99794,38,0
99794,39,0
99794,40,0
99794,41,0
99794,42,0
99794,43,0
99794,44,0
99794,45,0
99794,46,0
99794,47,0
99794,48,0
99794,49,0
99793,1,0.95
99793,2,0.99
99793,3,0.95
99793,4,0.92
99793,5,0.97
99793,6,0.95
99793,7,0.95
99793,8,0.95
99793,9,0.97
99793,10,0
99793,11,0
99793,12,0
99793,13,0
99793,14,0
99793,15,0
99793,16,0
99793,17,0
99793,18,0
99793,19,0
99793,20,0
99793,21,0
99793,22,0
99793,23,0
99793,24,0
99793,25,0
99793,26,0.4
99793,27,0.5
99793,28,0.4
99793,29,0.7
99793,30,0.5
99793,31,0.55
99793,32,0.75
99793,33,0.4
99793,34,0.6
99793,35,0.5
99793,36,0.6
99793,37,0.5
99793,38,0.4
99793,39,0.1
99793,40,0.1
99793,41,0.1
99793,42,0.1
99793,43,0.25
99793,44,0.3
99793,45,0.3
99793,46,0.1
99793,47,0.3
99793,48,0.25
99793,49,0
99793,50,0
99793,51,0
99793,52,0
99793,53,0
99793,54,0
99793,55,0
99793,56,0
99793,57,0
99793,58,0
99793,59,0
99793,60,0
99793,61,0
99793,62,0
99793,63,0
99793,64,0
99793,65,0
99793,66,0
99793,67,0
99793,68,0
99793,69,0
99793,70,0
99793,71,0
99793,72,0
99793,73,0
99793,74,0
99793,75,0
99793,76,0
99793,77,0
99792,1,0.8
99792,2,0.8
99792,3,0.8
99792,4,0.8
99792,5,0.9
99792,6,0.9
99792,7,0.9
99792,8,0.9
99792,9,0.85
99792,10,0.85
99792,11,0.9
99792,12,0.9
99792,13,0.9
99792,14,0.95
99792,15,0.85
99792,16,0.95
99792,17,0.65
99792,18,0.5
99792,19,0.6
99792,20,0.7
99792,21,0.7
99792,22,0.5
99792,23,0.6
99792,24,0.6
99792,25,0.5
99792,26,0.5
99792,27,0.2
99792,28,0.2
99792,29,0.1
99792,30,0.3
99792,31,0.1
99792,32,0.1
99792,33,0.1
99792,34,0.05
99792,35,0.05
99792,36,0.1
99791,1,0.9
99791,2,0.8
99791,3,0.8
99791,4,0.8
99791,5,0.8
99791,6,0.95
99791,7,0.95
99791,8,0.95
99791,9,0.9
99791,10,0.9
99791,11,0.9
99791,12,0.45
99791,13,0.5
99791,14,0.6
99791,15,0.65
99791,16,0.5
99791,17,0.6
99791,18,0.5
99791,19,0.4
99791,20,0.45
99791,21,0.5
99791,22,0.15
99791,23,0.3
99791,24,0.1
99791,25,0.07
99791,26,0.15
99791,27,0.1
99791,28,0.1
99791,29,0.05
99791,30,0.15
99791,31,0.2
99790,1,0.9
99790,2,0.9
99790,3,0.85
99790,4,0.95
99790,5,0.95
99790,6,0.9
99790,7,0.95
99790,8,0.95
99790,9,0.95
99790,10,0.8
99790,11,0.95
99790,12,0.9
99790,13,0.6
99790,14,0.25
99790,15,0.45
99790,16,0.5
99790,17,0.5
99790,18,0.65
99790,19,0.6
99790,20,0.7
99790,21,0.6
99790,22,0.5
99790,23,0.4
99790,24,0.6
99790,25,0.4
99790,26,0.15
99790,27,0.05
99790,28,0.1
99790,29,0.07
99790,30,0.15
99790,31,0.2
99790,32,0.3
99790,33,0.15
99790,34,0.25
99790,35,0.05
99790,36,0
99790,37,0
99789,1,0.99
99789,2,0.97
99789,3,0.97
99789,4,1
99789,5,0.97
99789,6,0.97
99789,7,0.95
99789,8,0.99
99789,9,0.95
99789,10,0.97
99789,11,0.97
99789,12,0.99
99789,13,0.75
99789,14,0.65
99789,15,0.65
99789,16,0.5
99789,17,0.4
99789,18,0.25
99789,19,0.4
99789,20,0.55
99789,21,0.3
99789,22,0.15
99789,23,0.4
99789,24,0.4
99789,25,0.4
99789,26,0.3
99789,27,0.5
99789,28,0.1
99789,29,0.15
99789,30,0.1
99789,31,0.15
99789,32,0.2
99789,33,0.2
99788,1,0.97
99788,2,0.8
99788,3,0.97
99788,4,0.99
99788,5,0.98
99788,6,0.98
99788,7,0.95
99788,8,0.95
99788,9,0.97
99788,10,0.98
99788,11,0.95
99788,12,1
99788,13,0.45
99788,14,0.65
99788,15,0.65
99788,16,0.6
99788,17,0.45
99788,18,0.4
99788,19,0.5
99788,20,0.4
99788,21,0.5
99788,22,0.1
99788,23,0.1
99788,24,0.1
99788,25,0.25
99788,26,0.2
99788,27,0.3
99788,28,0.03
99788,29,0.05
99788,30,0.3
99788,31,0.25
